<?xml version="1.0" encoding="utf-8"?>
<!DOCTYPE hibernate-mapping PUBLIC "-//Hibernate/Hibernate Mapping DTD 3.0//EN"
"http://hibernate.sourceforge.net/hibernate-mapping-3.0.dtd">
<hibernate-mapping>
    <class name="cn.itcast.erp.entity.Emp" table="emp" >
        <id name="uuid" >
            <generator class="org.hibernate.id.enhanced.SequenceStyleGenerator"> <param name="sequence_name">emp_seq</param> </generator>
        </id>

        <property name="username" /> 
        <property name="pwd" update="false" /> 
        <property name="name" /> 
        <property name="gender" /> 
        <property name="email" /> 
        <property name="tele" /> 
        <property name="address" /> 
        <property name="birthday" /> 
        
 		<many-to-one name="dep" class="cn.itcast.erp.entity.Dep" column="depuuid"></many-to-one>
 
    </class>
</hibernate-mapping>
