<?xml version="1.0" encoding="utf-8"?>
<!DOCTYPE hibernate-mapping PUBLIC "-//Hibernate/Hibernate Mapping DTD 3.0//EN"
"http://hibernate.sourceforge.net/hibernate-mapping-3.0.dtd">
<hibernate-mapping>
    <class name="cn.itcast.erp.entity.Orders" table="orders" >
        <id name="uuid" >
            <generator class="org.hibernate.id.enhanced.SequenceStyleGenerator"> <param name="sequence_name">orders_seq</param> </generator>
        </id>

        <property name="createtime" /> 
        <property name="checktime" /> 
        <property name="starttime" /> 
        <property name="endtime" /> 
        <property name="type" /> 
        <property name="creater" /> 
        <property name="checker" /> 
        <property name="starter" /> 
        <property name="ender" /> 
        <property name="supplieruuid" /> 
        <property name="totalmoney" /> 
        <property name="state" /> 
        <property name="waybillsn" /> 
        
        <!-- 级联更新  -->
        <bag name="orderDetails" cascade="save-update" inverse="true">
        	<key column="ordersuuid"></key>
        	<one-to-many class="cn.itcast.erp.entity.Orderdetail"/>
        </bag>
 
    </class>
</hibernate-mapping>
