<?xml version="1.0" encoding="utf-8"?>
<!DOCTYPE hibernate-mapping PUBLIC "-//Hibernate/Hibernate Mapping DTD 3.0//EN"
"http://hibernate.sourceforge.net/hibernate-mapping-3.0.dtd">
<hibernate-mapping>
    <class name="cn.itcast.erp.entity.Returnorders" table="returnorders" >
        <id name="uuid" >
            <generator class="org.hibernate.id.enhanced.SequenceStyleGenerator"> <param name="sequence_name">returnorders_seq</param> </generator>
        </id>

        <property name="createtime" /> 
        <property name="checktime" /> 
        <property name="endtime" /> 
        <property name="type" /> 
        <property name="creater" /> 
        <property name="checker" /> 
        <property name="ender" /> 
        <property name="supplieruuid" /> 
        <property name="totalmoney" /> 
        <property name="state" /> 
        <property name="waybillsn" /> 
        <property name="ordersuuid" /> 
 
    </class>
</hibernate-mapping>
