<?xml version="1.0" encoding="utf-8"?>
<!DOCTYPE hibernate-mapping PUBLIC "-//Hibernate/Hibernate Mapping DTD 3.0//EN"
"http://hibernate.sourceforge.net/hibernate-mapping-3.0.dtd">
<hibernate-mapping>
    <class name="cn.itcast.erp.entity.Storeoper" table="storeoper" >
        <id name="uuid" >
            <generator class="org.hibernate.id.enhanced.SequenceStyleGenerator"> <param name="sequence_name">storeoper_seq</param> </generator>
        </id>

        <property name="empuuid" /> 
        <property name="opertime" /> 
        <property name="storeuuid" /> 
        <property name="goodsuuid" /> 
        <property name="num" /> 
        <property name="type" /> 
 
    </class>
</hibernate-mapping>
