<?xml version="1.0" encoding="utf-8"?>
<!DOCTYPE hibernate-mapping PUBLIC "-//Hibernate/Hibernate Mapping DTD 3.0//EN"
"http://hibernate.sourceforge.net/hibernate-mapping-3.0.dtd">
<hibernate-mapping>
    <class name="com.redsum.bos.entity.Waybilldetail" table="waybilldetail" >
        <id name="id" >
            <generator class="native"></generator>
        </id>

        <property name="sn" /> 
        <property name="exedate" /> 
        <property name="exetime" /> 
        <property name="info" /> 
 
    </class>
</hibernate-mapping>
