﻿<?xml version="1.0" encoding="UTF-8"?>
<beans xmlns="http://www.springframework.org/schema/beans"
	xmlns:xsi="http://www.w3.org/2001/XMLSchema-instance" xmlns:context="http://www.springframework.org/schema/context"
	xmlns:aop="http://www.springframework.org/schema/aop" xmlns:tx="http://www.springframework.org/schema/tx"
	xsi:schemaLocation="
		http://www.springframework.org/schema/beans 
		http://www.springframework.org/schema/beans/spring-beans.xsd
		http://www.springframework.org/schema/context 
		http://www.springframework.org/schema/context/spring-context.xsd
		http://www.springframework.org/schema/tx 
		http://www.springframework.org/schema/tx/spring-tx.xsd
		http://www.springframework.org/schema/aop 
		http://www.springframework.org/schema/aop/spring-aop.xsd
		">  
	
	<!-- 部门 -->
	<bean id="depAction" class="cn.itcast.erp.action.DepAction" scope="prototype">
		<property name="depBiz" ref="depBiz"></property>
	</bean>
	<!-- 员工 -->
	<bean id="empAction" class="cn.itcast.erp.action.EmpAction" scope="prototype">
		<property name="empBiz" ref="empBiz"></property>
	</bean>
	<!-- 商品 -->
	<bean id="goodsAction" class="cn.itcast.erp.action.GoodsAction" scope="prototype">
		<property name="goodsBiz" ref="goodsBiz"></property>
	</bean>
	<!-- 商品分类 -->
	<bean id="goodstypeAction" class="cn.itcast.erp.action.GoodstypeAction" scope="prototype">
		<property name="goodstypeBiz" ref="goodstypeBiz"></property>
	</bean>
	<!-- 盘盈盘亏 -->
	<bean id="inventoryAction" class="cn.itcast.erp.action.InventoryAction" scope="prototype">
		<property name="inventoryBiz" ref="inventoryBiz"></property>
	</bean>
	<!-- 菜单 -->
	<bean id="menuAction" class="cn.itcast.erp.action.MenuAction" scope="prototype">
		<property name="menuBiz" ref="menuBiz"></property>
	</bean>
	<!-- 订单明细 -->
	<bean id="orderdetailAction" class="cn.itcast.erp.action.OrderdetailAction" scope="prototype">
		<property name="orderdetailBiz" ref="orderdetailBiz"></property>
	</bean>
	<!-- 订单 -->
	<bean id="ordersAction" class="cn.itcast.erp.action.OrdersAction" scope="prototype">
		<property name="ordersBiz" ref="ordersBiz"></property>
	</bean>
	<!-- 退货订单明细 -->
	<bean id="returnorderdetailAction" class="cn.itcast.erp.action.ReturnorderdetailAction" scope="prototype">
		<property name="returnorderdetailBiz" ref="returnorderdetailBiz"></property>
	</bean>
	<!-- 退货订单 -->
	<bean id="returnordersAction" class="cn.itcast.erp.action.ReturnordersAction" scope="prototype">
		<property name="returnordersBiz" ref="returnordersBiz"></property>
	</bean>
	<!-- 角色 -->
	<bean id="roleAction" class="cn.itcast.erp.action.RoleAction" scope="prototype">
		<property name="roleBiz" ref="roleBiz"></property>
	</bean>
	<!-- 仓库 -->
	<bean id="storeAction" class="cn.itcast.erp.action.StoreAction" scope="prototype">
		<property name="storeBiz" ref="storeBiz"></property>
	</bean>
	<!-- 仓库库存 -->
	<bean id="storedetailAction" class="cn.itcast.erp.action.StoredetailAction" scope="prototype">
		<property name="storedetailBiz" ref="storedetailBiz"></property>
	</bean>
	<!-- 仓库操作记录 -->
	<bean id="storeoperAction" class="cn.itcast.erp.action.StoreoperAction" scope="prototype">
		<property name="storeoperBiz" ref="storeoperBiz"></property>
	</bean>
	<!-- 供应商 -->
	<bean id="supplierAction" class="cn.itcast.erp.action.SupplierAction" scope="prototype">
		<property name="supplierBiz" ref="supplierBiz"></property>
	</bean>

	<!-- 登陆/退出 -->
	<bean id="loginAction" class="cn.itcast.erp.action.LoginAction" scope="prototype">
		<property name="empBiz" ref="empBiz"></property>
	</bean>
	
	<!-- 报表 -->
	<bean id="reportAction" class="cn.itcast.erp.action.ReportAction" scope="prototype">
		<property name="reportBiz" ref="reportBiz"></property>
	</bean>

</beans>
	
