<?xml version="1.0" encoding="UTF-8" ?>
<!DOCTYPE struts PUBLIC
	"-//Apache Software Foundation//DTD Struts Configuration 2.3//EN"
	"http://struts.apache.org/dtds/struts-2.3.dtd">
<struts>
    <package name="default" namespace="/" extends="struts-default">    	   	
    	<!-- 部门 -->
		<action name="dep_*" class="depAction" method="{1}"></action>
    	<!-- 员工 -->
		<action name="emp_*" class="empAction" method="{1}"></action>
    	<!-- 商品 -->
		<action name="goods_*" class="goodsAction" method="{1}"></action>
    	<!-- 商品分类 -->
		<action name="goodstype_*" class="goodstypeAction" method="{1}"></action>
    	<!-- 盘盈盘亏 -->
		<action name="inventory_*" class="inventoryAction" method="{1}"></action>
    	<!-- 菜单 -->
		<action name="menu_*" class="menuAction" method="{1}"></action>
    	<!-- 订单明细 -->
		<action name="orderdetail_*" class="orderdetailAction" method="{1}"></action>
    	<!-- 订单 -->
		<action name="orders_*" class="ordersAction" method="{1}"></action>
    	<!-- 退货订单明细 -->
		<action name="returnorderdetail_*" class="returnorderdetailAction" method="{1}"></action>
    	<!-- 退货订单 -->
		<action name="returnorders_*" class="returnordersAction" method="{1}"></action>
    	<!-- 角色 -->
		<action name="role_*" class="roleAction" method="{1}"></action>
    	<!-- 仓库 -->
		<action name="store_*" class="storeAction" method="{1}"></action>
    	<!-- 仓库库存 -->
		<action name="storedetail_*" class="storedetailAction" method="{1}"></action>
    	<!-- 仓库操作记录 -->
		<action name="storeoper_*" class="storeoperAction" method="{1}"></action>
    	<!-- 供应商 -->
		<action name="supplier_*" class="supplierAction" method="{1}"></action>

		<!-- 登陆/退出 -->
		<action name="login_*" class="loginAction" method="{1}"></action>
		
		<!-- 报表 -->
		<action name="report_*" class="reportAction" method="{1}"></action>
    </package>
</struts>
